sample,phase,timestamp,offset_s,vibration_g,motor_pwm,motor_speed_pct,status
-50,PRE,2026-10-07 07:49:01.480,-65.521,0.0000,60,23,NORMAL
-49,PRE,2026-10-07 07:49:02.479,-64.523,0.0100,67,26,NORMAL
-48,PRE,2026-10-07 07:49:03.521,-63.480,0.0100,49,19,NORMAL
-47,PRE,2026-10-07 07:49:04.479,-62.522,0.0000,60,23,NORMAL
-46,PRE,2026-10-07 07:49:05.488,-61.513,0.0100,54,21,NORMAL
-45,PRE,2026-10-07 07:49:06.485,-60.516,0.0100,255,100,NORMAL
-44,PRE,2026-10-07 07:49:07.485,-59.517,0.0100,255,100,NORMAL
-43,PRE,2026-10-07 07:49:08.479,-58.522,0.0100,255,100,NORMAL
-42,PRE,2026-10-07 07:49:09.482,-57.520,0.0000,255,100,NORMAL
-41,PRE,2026-10-07 07:49:10.483,-56.518,0.0000,255,100,NORMAL
-40,PRE,2026-10-07 07:49:11.506,-55.496,0.0000,90,35,NORMAL
-39,PRE,2026-10-07 07:49:12.735,-54.266,0.0000,78,30,NORMAL
-38,PRE,2026-10-07 07:49:13.958,-53.044,0.0000,68,26,NORMAL
-37,PRE,2026-10-07 07:49:14.485,-52.516,0.0100,107,41,NORMAL
-36,PRE,2026-10-07 07:49:15.490,-51.511,0.0000,68,26,NORMAL
-35,PRE,2026-10-07 07:49:16.493,-50.508,0.0100,70,27,NORMAL
-34,PRE,2026-10-07 07:49:17.486,-49.515,0.0100,73,28,NORMAL
-33,PRE,2026-10-07 07:49:18.486,-48.515,0.0100,69,27,NORMAL
-32,PRE,2026-10-07 07:49:19.489,-47.512,0.0100,65,25,NORMAL
-31,PRE,2026-10-07 07:49:20.491,-46.510,0.0100,72,28,NORMAL
-30,PRE,2026-10-07 07:49:21.491,-45.510,0.0100,69,27,NORMAL
-29,PRE,2026-10-07 07:49:22.488,-44.513,0.0100,72,28,NORMAL
-28,PRE,2026-10-07 07:49:23.497,-43.505,0.0100,70,27,NORMAL
-27,PRE,2026-10-07 07:49:24.502,-42.500,0.0100,72,28,NORMAL
-26,PRE,2026-10-07 07:49:25.490,-41.511,0.0100,74,29,NORMAL
-25,PRE,2026-10-07 07:49:26.491,-40.510,0.0100,69,27,NORMAL
-24,PRE,2026-10-07 07:49:27.494,-39.507,0.0000,71,27,NORMAL
-23,PRE,2026-10-07 07:49:28.497,-38.504,0.0100,69,27,NORMAL
-22,PRE,2026-10-07 07:49:29.494,-37.508,0.0000,76,29,NORMAL
-21,PRE,2026-10-07 07:49:46.120,-20.881,0.0100,93,36,NORMAL
-20,PRE,2026-10-07 07:49:46.743,-20.258,0.0000,93,36,NORMAL
-19,PRE,2026-10-07 07:49:47.757,-19.244,0.0100,95,37,NORMAL
-18,PRE,2026-10-07 07:49:48.557,-18.445,0.0100,99,38,NORMAL
-17,PRE,2026-10-07 07:49:50.002,-16.999,0.0000,93,36,NORMAL
-16,PRE,2026-10-07 07:49:50.828,-16.173,0.0100,100,39,NORMAL
-15,PRE,2026-10-07 07:49:52.050,-14.951,0.0100,108,42,NORMAL
-14,PRE,2026-10-07 07:49:52.586,-14.416,0.0000,112,43,NORMAL
-13,PRE,2026-10-07 07:49:53.599,-13.402,0.0100,88,34,NORMAL
-12,PRE,2026-10-07 07:49:54.720,-12.281,0.0100,90,35,NORMAL
-11,PRE,2026-10-07 07:49:55.744,-11.257,0.0100,122,47,NORMAL
-10,PRE,2026-10-07 07:49:56.768,-10.234,0.0100,112,43,NORMAL
-9,PRE,2026-10-07 07:49:57.591,-9.410,0.0100,99,38,NORMAL
-8,PRE,2026-10-07 07:49:58.563,-8.439,0.0000,101,39,NORMAL
-7,PRE,2026-10-07 07:49:59.578,-7.423,0.4500,103,40,NORMAL
-6,PRE,2026-10-07 07:50:00.563,-6.439,0.8400,55,21,NORMAL
-5,PRE,2026-10-07 07:50:01.585,-5.417,0.0100,68,26,NORMAL
-4,PRE,2026-10-07 07:50:02.610,-4.391,0.1200,62,24,NORMAL
-3,PRE,2026-10-07 07:50:03.563,-3.439,0.9900,255,100,NORMAL
-2,PRE,2026-10-07 07:50:04.755,-2.246,0.9000,79,30,NORMAL
-1,PRE,2026-10-07 07:50:05.578,-1.423,1.0000,255,100,WARNING
0,FAULT,2026-10-07 07:50:07.001,0.000,1.8700,255,100,CRITICAL
1,POST,2026-10-07 07:50:08.989,1.988,0.0100,255,100,NORMAL
2,POST,2026-10-07 07:50:10.483,3.482,0.0100,255,100,NORMAL
3,POST,2026-10-07 07:50:11.004,4.003,0.0100,255,100,NORMAL
4,POST,2026-10-07 07:50:12.026,5.024,0.0100,255,100,NORMAL
5,POST,2026-10-07 07:50:13.151,6.150,0.0100,255,100,NORMAL
6,POST,2026-10-07 07:50:14.176,7.175,0.0000,255,100,NORMAL
7,POST,2026-10-07 07:50:14.998,7.997,0.0100,255,100,NORMAL
8,POST,2026-10-07 07:50:15.992,8.990,0.0000,255,100,NORMAL
9,POST,2026-10-07 07:50:16.991,9.989,0.0100,255,100,NORMAL
10,POST,2026-10-07 07:50:17.993,10.992,0.0100,255,100,NORMAL
11,POST,2026-10-07 07:50:19.299,12.298,0.0100,255,100,NORMAL
12,POST,2026-10-07 07:50:20.015,13.014,0.0100,255,100,NORMAL
13,POST,2026-10-07 07:50:21.039,14.038,0.0000,255,100,NORMAL
14,POST,2026-10-07 07:50:22.163,15.161,0.0100,255,100,NORMAL
15,POST,2026-10-07 07:50:23.192,16.190,0.0100,81,31,NORMAL
16,POST,2026-10-07 07:50:24.009,17.008,0.0100,73,28,NORMAL
17,POST,2026-10-07 07:50:24.998,17.997,0.0100,88,34,NORMAL
18,POST,2026-10-07 07:50:26.457,19.456,0.0100,103,40,NORMAL
19,POST,2026-10-07 07:50:27.481,20.480,0.0100,107,41,NORMAL
20,POST,2026-10-07 07:50:28.006,21.005,0.0100,108,42,NORMAL
21,POST,2026-10-07 07:50:29.027,22.026,0.0100,121,47,NORMAL
22,POST,2026-10-07 07:50:30.150,23.149,0.0000,109,42,NORMAL
23,POST,2026-10-07 07:50:31.174,24.173,0.0100,104,40,NORMAL
24,POST,2026-10-07 07:50:32.198,25.197,0.0100,110,43,NORMAL
25,POST,2026-10-07 07:50:33.027,26.026,0.0100,109,42,NORMAL
26,POST,2026-10-07 07:50:34.445,27.444,0.0100,114,44,NORMAL
27,POST,2026-10-07 07:50:35.271,28.269,0.0100,124,48,NORMAL
28,POST,2026-10-07 07:50:36.294,29.292,0.0100,111,43,NORMAL
29,POST,2026-10-07 07:50:37.016,30.015,0.0100,120,47,NORMAL
30,POST,2026-10-07 07:50:38.040,31.039,0.0100,120,47,NORMAL
31,POST,2026-10-07 07:50:39.162,32.161,0.0500,173,67,NORMAL
32,POST,2026-10-07 07:50:40.185,33.184,0.0000,104,40,NORMAL
33,POST,2026-10-07 07:50:41.006,34.005,0.0100,102,40,NORMAL
34,POST,2026-10-07 07:50:42.038,35.037,0.0100,105,41,NORMAL
35,POST,2026-10-07 07:50:43.455,36.454,0.0100,113,44,NORMAL
36,POST,2026-10-07 07:50:44.479,37.478,0.0000,110,43,NORMAL
37,POST,2026-10-07 07:50:45.005,38.004,0.0100,120,47,NORMAL
38,POST,2026-10-07 07:50:46.026,39.024,0.0100,121,47,NORMAL
39,POST,2026-10-07 07:50:47.007,40.005,0.0100,108,42,NORMAL
40,POST,2026-10-07 07:50:48.006,41.004,0.0100,111,43,NORMAL
41,POST,2026-10-07 07:50:49.197,42.196,0.0400,60,23,NORMAL
42,POST,2026-10-07 07:50:50.013,43.012,0.0100,46,18,NORMAL
43,POST,2026-10-07 07:50:51.042,44.041,0.0000,46,18,NORMAL
44,POST,2026-10-07 07:50:52.466,45.465,0.0000,46,18,NORMAL
45,POST,2026-10-07 07:50:53.010,46.008,0.0000,46,18,NORMAL
46,POST,2026-10-07 07:50:54.358,47.357,0.0200,50,19,NORMAL
47,POST,2026-10-07 07:50:55.037,48.035,0.0100,61,23,NORMAL
48,POST,2026-10-07 07:50:56.159,49.157,0.0100,65,25,NORMAL
49,POST,2026-10-07 07:50:57.009,50.008,0.0100,51,20,NORMAL
50,POST,2026-10-07 07:50:58.209,51.207,0.0100,47,18,NORMAL
